{
    "metrics": {
        "vus": {
            "value": 66,
            "min": 0,
            "max": 3009
        },
        "http_req_duration{expected_response:true}": {
            "avg": 11960.019291264967,
            "min": 3.1302,
            "med": 3660.4003,
            "max": 54091.5175,
            "p(90)": 36180.97716,
            "p(95)": 40412.392250000004
        },
        "http_req_connecting": {
            "max": 81.8082,
            "p(90)": 3.4160600000000003,
            "p(95)": 3.611909999999999,
            "avg": 1.1740593797526924,
            "min": 0,
            "med": 0
        },
        "http_req_sending": {
            "avg": 0.23735703233485475,
            "min": 0,
            "med": 0,
            "max": 22.0673,
            "p(90)": 0.5706,
            "p(95)": 0.59559
        },
        "data_received": {
            "count": 29671396,
            "rate": 258967.21336597283
        },
        "http_reqs": {
            "rate": 131.99113273044543,
            "count": 15123
        },
        "data_sent": {
            "count": 10056179,
            "rate": 87768.72691596362
        },
        "vus_max": {
            "value": 5000,
            "min": 1552,
            "max": 5000
        },
        "iterations": {
            "count": 5041,
            "rate": 43.9970442434818
        },
        "http_req_receiving": {
            "min": 0,
            "med": 0,
            "max": 17.6712,
            "p(90)": 0.0473,
            "p(95)": 0.5427399999999998,
            "avg": 0.06472702506116516
        },
        "http_req_waiting": {
            "p(90)": 36180.86976000001,
            "p(95)": 40412.392250000004,
            "avg": 11959.717207207526,
            "min": 2.6026,
            "med": 3659.8415,
            "max": 54091.5175
        },
        "checks": {
            "passes": 15123,
            "fails": 166353,
            "value": 0.08333333333333333
        },
        "http_req_tls_handshaking": {
            "p(95)": 4.81318,
            "avg": 1.4621952192025378,
            "min": 0,
            "med": 0,
            "max": 82.8455,
            "p(90)": 4.463380000000001
        },
        "iteration_duration": {
            "avg": 36888.48282461799,
            "min": 1038.3158,
            "med": 47410.185,
            "max": 71811.3206,
            "p(90)": 61505.5357,
            "p(95)": 63802.9668
        },
        "http_req_duration": {
            "max": 54091.5175,
            "p(90)": 36180.97716,
            "p(95)": 40412.392250000004,
            "avg": 11960.019291264967,
            "min": 3.1302,
            "med": 3660.4003
        },
        "http_req_blocked": {
            "p(90)": 8.06574,
            "p(95)": 8.481049999999998,
            "avg": 2.6910296105270115,
            "min": 0,
            "med": 0,
            "max": 95.4901
        },
        "http_req_failed": {
            "passes": 0,
            "fails": 15123,
            "value": 0
        }
    },
    "root_group": {
        "groups": {},
        "checks": {
                "200 OK": {
                    "name": "200 OK",
                    "path": "::200 OK",
                    "id": "e9654c443eff553da9e69eda7007924e",
                    "passes": 0,
                    "fails": 15123
                },
                "201 Created": {
                    "name": "201 Created",
                    "path": "::201 Created",
                    "id": "728dcd977aae263ca314731145e1d447",
                    "passes": 15123,
                    "fails": 0
                },
                "204 No Content": {
                    "name": "204 No Content",
                    "path": "::204 No Content",
                    "id": "54fa3c2eda34e1622fda2da5e0479fc5",
                    "passes": 0,
                    "fails": 15123
                },
                "400 Bad Request": {
                    "name": "400 Bad Request",
                    "path": "::400 Bad Request",
                    "id": "eeae81934b9b58bccaf0184a6d070338",
                    "passes": 0,
                    "fails": 15123
                },
                "401 Unauthorized": {
                    "name": "401 Unauthorized",
                    "path": "::401 Unauthorized",
                    "id": "6ae9254e6aefe7f0bafe5102fa7e20a5",
                    "passes": 0,
                    "fails": 15123
                },
                "403 Forbidden": {
                    "name": "403 Forbidden",
                    "path": "::403 Forbidden",
                    "id": "655548b761742c5a7ad15aa7df3a5d9c",
                    "passes": 0,
                    "fails": 15123
                },
                "404 Not Found": {
                    "name": "404 Not Found",
                    "path": "::404 Not Found",
                    "id": "df1528f9925ca236bac51008f77b774a",
                    "passes": 0,
                    "fails": 15123
                },
                "429 Too Many Requests": {
                    "name": "429 Too Many Requests",
                    "path": "::429 Too Many Requests",
                    "id": "b810c35b9499cc7342fd415032e3a6aa",
                    "passes": 0,
                    "fails": 15123
                },
                "500 Internal Server Error": {
                    "id": "3cd96245b24e869810efe46d533b0eef",
                    "passes": 0,
                    "fails": 15123,
                    "name": "500 Internal Server Error",
                    "path": "::500 Internal Server Error"
                },
                "502 Bad Gateway": {
                    "id": "712cb0ec189a11f31f0d6d0c0031b569",
                    "passes": 0,
                    "fails": 15123,
                    "name": "502 Bad Gateway",
                    "path": "::502 Bad Gateway"
                },
                "503 Service Unavailable": {
                    "name": "503 Service Unavailable",
                    "path": "::503 Service Unavailable",
                    "id": "f1ea1a22be0dc738c385523a66ea1cd9",
                    "passes": 0,
                    "fails": 15123
                },
                "504 Gateway Timeout": {
                    "fails": 15123,
                    "name": "504 Gateway Timeout",
                    "path": "::504 Gateway Timeout",
                    "id": "218efb729cb654723ccd57c6ebbebe29",
                    "passes": 0
                }
            },
        "name": "",
        "path": "",
        "id": "d41d8cd98f00b204e9800998ecf8427e"
    }
}