{
    "metrics": {
        "http_req_blocked": {
            "p(90)": 8.2993,
            "p(95)": 8.7423,
            "avg": 1.783325287837551,
            "min": 0,
            "med": 0,
            "max": 39.9776
        },
        "vus_max": {
            "max": 3000,
            "value": 3000,
            "min": 1697
        },
        "http_reqs": {
            "count": 14331,
            "rate": 97.49030910204885
        },
        "checks": {
            "passes": 14331,
            "fails": 157641,
            "value": 0.08333333333333333
        },
        "data_sent": {
            "count": 8464200,
            "rate": 57579.89493416803
        },
        "http_req_duration": {
            "max": 106919.7181,
            "p(90)": 61326.7068,
            "p(95)": 73232.66115,
            "avg": 19268.789086937475,
            "min": 4.6123,
            "med": 1206.0641
        },
        "http_req_failed": {
            "passes": 0,
            "fails": 14331,
            "value": 0
        },
        "http_req_duration{expected_response:true}": {
            "p(90)": 61326.7068,
            "p(95)": 73232.66115,
            "avg": 19268.789086937475,
            "min": 4.6123,
            "med": 1206.0641,
            "max": 106919.7181
        },
        "http_req_waiting": {
            "avg": 19268.489874488954,
            "min": 4.2685,
            "med": 1206.0641,
            "max": 106919.7181,
            "p(90)": 61326.7068,
            "p(95)": 73232.37675
        },
        "data_received": {
            "count": 21957683,
            "rate": 149372.779487461
        },
        "dropped_iterations": {
            "count": 264,
            "rate": 1.795927821013251
        },
        "vus": {
            "value": 98,
            "min": 0,
            "max": 3000
        },
        "http_req_tls_handshaking": {
            "avg": 0.9761598981229522,
            "min": 0,
            "med": 0,
            "max": 32.9797,
            "p(90)": 4.5413,
            "p(95)": 4.9429
        },
        "http_req_sending": {
            "med": 0,
            "max": 17.6118,
            "p(90)": 0.5781,
            "p(95)": 0.6041,
            "avg": 0.23668351824715692,
            "min": 0
        },
        "iteration_duration": {
            "avg": 58811.78973035376,
            "min": 1039.6702,
            "med": 85033.036,
            "max": 116068.3241,
            "p(90)": 99787.32758,
            "p(95)": 102038.61502
        },
        "iterations": {
            "count": 4777,
            "rate": 32.496769700682954
        },
        "http_req_connecting": {
            "p(95)": 3.69405,
            "avg": 0.7515233270532411,
            "min": 0,
            "med": 0,
            "max": 27.1558,
            "p(90)": 3.509
        },
        "http_req_receiving": {
            "med": 0,
            "max": 50.409,
            "p(90)": 0.0461,
            "p(95)": 0.53345,
            "avg": 0.06252893029097753,
            "min": 0
        }
    },
    "root_group": {
        "name": "",
        "path": "",
        "id": "d41d8cd98f00b204e9800998ecf8427e",
        "groups": {},
        "checks": {
                "200 OK": {
                    "id": "e9654c443eff553da9e69eda7007924e",
                    "passes": 0,
                    "fails": 14331,
                    "name": "200 OK",
                    "path": "::200 OK"
                },
                "201 Created": {
                    "passes": 14331,
                    "fails": 0,
                    "name": "201 Created",
                    "path": "::201 Created",
                    "id": "728dcd977aae263ca314731145e1d447"
                },
                "204 No Content": {
                    "name": "204 No Content",
                    "path": "::204 No Content",
                    "id": "54fa3c2eda34e1622fda2da5e0479fc5",
                    "passes": 0,
                    "fails": 14331
                },
                "400 Bad Request": {
                    "fails": 14331,
                    "name": "400 Bad Request",
                    "path": "::400 Bad Request",
                    "id": "eeae81934b9b58bccaf0184a6d070338",
                    "passes": 0
                },
                "401 Unauthorized": {
                    "name": "401 Unauthorized",
                    "path": "::401 Unauthorized",
                    "id": "6ae9254e6aefe7f0bafe5102fa7e20a5",
                    "passes": 0,
                    "fails": 14331
                },
                "403 Forbidden": {
                    "fails": 14331,
                    "name": "403 Forbidden",
                    "path": "::403 Forbidden",
                    "id": "655548b761742c5a7ad15aa7df3a5d9c",
                    "passes": 0
                },
                "404 Not Found": {
                    "id": "df1528f9925ca236bac51008f77b774a",
                    "passes": 0,
                    "fails": 14331,
                    "name": "404 Not Found",
                    "path": "::404 Not Found"
                },
                "429 Too Many Requests": {
                    "name": "429 Too Many Requests",
                    "path": "::429 Too Many Requests",
                    "id": "b810c35b9499cc7342fd415032e3a6aa",
                    "passes": 0,
                    "fails": 14331
                },
                "500 Internal Server Error": {
                    "path": "::500 Internal Server Error",
                    "id": "3cd96245b24e869810efe46d533b0eef",
                    "passes": 0,
                    "fails": 14331,
                    "name": "500 Internal Server Error"
                },
                "502 Bad Gateway": {
                    "fails": 14331,
                    "name": "502 Bad Gateway",
                    "path": "::502 Bad Gateway",
                    "id": "712cb0ec189a11f31f0d6d0c0031b569",
                    "passes": 0
                },
                "503 Service Unavailable": {
                    "fails": 14331,
                    "name": "503 Service Unavailable",
                    "path": "::503 Service Unavailable",
                    "id": "f1ea1a22be0dc738c385523a66ea1cd9",
                    "passes": 0
                },
                "504 Gateway Timeout": {
                    "name": "504 Gateway Timeout",
                    "path": "::504 Gateway Timeout",
                    "id": "218efb729cb654723ccd57c6ebbebe29",
                    "passes": 0,
                    "fails": 14331
                }
            }
    }
}