{
    "metrics": {
        "http_req_connecting": {
            "p(90)": 3.56201,
            "p(95)": 3.6936299999999997,
            "avg": 1.1820454894179873,
            "min": 0,
            "med": 0,
            "max": 46.4609
        },
        "http_req_waiting": {
            "avg": 8316.953812665335,
            "min": 0,
            "med": 1074.1234,
            "max": 54952.1989,
            "p(90)": 26003.795330000004,
            "p(95)": 30752.146819999994
        },
        "checks": {
            "fails": 166320,
            "passes": 15120,
            "value": 0.08333333333333333
        },
        "data_sent": {
            "rate": 101394.61553656396,
            "count": 10054451
        },
        "http_req_blocked": {
            "max": 53.0132,
            "p(90)": 8.27705,
            "p(95)": 8.597525,
            "avg": 2.7432267129629686,
            "min": 0,
            "med": 0
        },
        "http_req_receiving": {
            "p(90)": 0.04511000000000004,
            "p(95)": 0.5405099999999998,
            "avg": 0.06448378968253961,
            "min": 0,
            "med": 0,
            "max": 28.6076
        },
        "http_req_tls_handshaking": {
            "p(95)": 4.8783,
            "avg": 1.5015509854497398,
            "min": 0,
            "med": 0,
            "max": 34.4597,
            "p(90)": 4.60163
        },
        "http_req_sending": {
            "avg": 0.28226830687830656,
            "min": 0,
            "med": 0.0392,
            "max": 16.3323,
            "p(90)": 0.5693,
            "p(95)": 0.5893
        },
        "iteration_duration": {
            "max": 64865.6382,
            "p(90)": 49468.94887,
            "p(95)": 51487.985445000006,
            "avg": 25960.702164841317,
            "min": 1037.6424,
            "med": 30373.7166
        },
        "http_req_failed": {
            "passes": 0,
            "fails": 15120,
            "value": 0
        },
        "http_req_duration{expected_response:true}": {
            "max": 54952.7337,
            "p(90)": 26004.844980000005,
            "p(95)": 30752.201064999994,
            "avg": 8317.300564761905,
            "min": 0,
            "med": 1074.5302000000001
        },
        "data_received": {
            "count": 29678358,
            "rate": 299292.8902002215
        },
        "vus_max": {
            "value": 5000,
            "min": 1499,
            "max": 5000
        },
        "http_req_duration": {
            "avg": 8317.300564761905,
            "min": 0,
            "med": 1074.5302000000001,
            "max": 54952.7337,
            "p(90)": 26004.844980000005,
            "p(95)": 30752.201064999994
        },
        "iterations": {
            "count": 5040,
            "rate": 50.82613285442262
        },
        "vus": {
            "value": 3,
            "min": 0,
            "max": 2544
        },
        "http_reqs": {
            "count": 15120,
            "rate": 152.47839856326783
        }
    },
    "root_group": {
        "name": "",
        "path": "",
        "id": "d41d8cd98f00b204e9800998ecf8427e",
        "groups": {},
        "checks": {
                "200 OK": {
                    "passes": 0,
                    "fails": 15120,
                    "name": "200 OK",
                    "path": "::200 OK",
                    "id": "e9654c443eff553da9e69eda7007924e"
                },
                "201 Created": {
                    "passes": 15120,
                    "fails": 0,
                    "name": "201 Created",
                    "path": "::201 Created",
                    "id": "728dcd977aae263ca314731145e1d447"
                },
                "204 No Content": {
                    "name": "204 No Content",
                    "path": "::204 No Content",
                    "id": "54fa3c2eda34e1622fda2da5e0479fc5",
                    "passes": 0,
                    "fails": 15120
                },
                "400 Bad Request": {
                    "name": "400 Bad Request",
                    "path": "::400 Bad Request",
                    "id": "eeae81934b9b58bccaf0184a6d070338",
                    "passes": 0,
                    "fails": 15120
                },
                "401 Unauthorized": {
                    "path": "::401 Unauthorized",
                    "id": "6ae9254e6aefe7f0bafe5102fa7e20a5",
                    "passes": 0,
                    "fails": 15120,
                    "name": "401 Unauthorized"
                },
                "403 Forbidden": {
                    "id": "655548b761742c5a7ad15aa7df3a5d9c",
                    "passes": 0,
                    "fails": 15120,
                    "name": "403 Forbidden",
                    "path": "::403 Forbidden"
                },
                "404 Not Found": {
                    "name": "404 Not Found",
                    "path": "::404 Not Found",
                    "id": "df1528f9925ca236bac51008f77b774a",
                    "passes": 0,
                    "fails": 15120
                },
                "429 Too Many Requests": {
                    "path": "::429 Too Many Requests",
                    "id": "b810c35b9499cc7342fd415032e3a6aa",
                    "passes": 0,
                    "fails": 15120,
                    "name": "429 Too Many Requests"
                },
                "500 Internal Server Error": {
                    "name": "500 Internal Server Error",
                    "path": "::500 Internal Server Error",
                    "id": "3cd96245b24e869810efe46d533b0eef",
                    "passes": 0,
                    "fails": 15120
                },
                "502 Bad Gateway": {
                    "path": "::502 Bad Gateway",
                    "id": "712cb0ec189a11f31f0d6d0c0031b569",
                    "passes": 0,
                    "fails": 15120,
                    "name": "502 Bad Gateway"
                },
                "503 Service Unavailable": {
                    "path": "::503 Service Unavailable",
                    "id": "f1ea1a22be0dc738c385523a66ea1cd9",
                    "passes": 0,
                    "fails": 15120,
                    "name": "503 Service Unavailable"
                },
                "504 Gateway Timeout": {
                    "path": "::504 Gateway Timeout",
                    "id": "218efb729cb654723ccd57c6ebbebe29",
                    "passes": 0,
                    "fails": 15120,
                    "name": "504 Gateway Timeout"
                }
            }
    }
}