{
    "metrics": {
        "http_req_receiving": {
            "min": 0,
            "med": 0,
            "max": 23.6967,
            "p(90)": 0.06586000000000058,
            "p(95)": 0.553285,
            "avg": 0.09327776574475179
        },
        "http_req_failed": {
            "passes": 0,
            "fails": 12004,
            "value": 0
        },
        "data_sent": {
            "count": 6954287,
            "rate": 60101.22616530971
        },
        "http_req_waiting": {
            "avg": 1077.324815078306,
            "min": 2.5258,
            "med": 299.89465,
            "max": 26484.5188,
            "p(90)": 2040.187440000004,
            "p(95)": 5075.468095000001
        },
        "iteration_duration": {
            "max": 55718.3632,
            "p(90)": 13304.5696,
            "p(95)": 28024.0708,
            "avg": 5322.235413728759,
            "min": 1415.2423,
            "med": 2292.0799
        },
        "iterations": {
            "count": 3001,
            "rate": 25.935624992482254
        },
        "http_req_sending": {
            "avg": 0.29078050649783305,
            "min": 0,
            "med": 0,
            "max": 45.5403,
            "p(90)": 0.5649,
            "p(95)": 0.583985
        },
        "http_req_duration": {
            "med": 300.16335000000004,
            "max": 26484.5188,
            "p(90)": 2040.5926400000044,
            "p(95)": 5076.020835000001,
            "avg": 1077.7088733505489,
            "min": 2.8874
        },
        "http_req_duration{expected_response:true}": {
            "avg": 1077.7088733505489,
            "min": 2.8874,
            "med": 300.16335000000004,
            "max": 26484.5188,
            "p(90)": 2040.5926400000044,
            "p(95)": 5076.020835000001
        },
        "checks": {
            "passes": 12004,
            "fails": 132044,
            "value": 0.08333333333333333
        },
        "http_req_connecting": {
            "p(95)": 3.55324,
            "avg": 0.8922622292569146,
            "min": 0,
            "med": 0,
            "max": 45.7042,
            "p(90)": 3.3650300000000004
        },
        "data_received": {
            "count": 19821802,
            "rate": 171306.50561387363
        },
        "vus_max": {
            "value": 3000,
            "min": 391,
            "max": 3000
        },
        "http_reqs": {
            "rate": 103.74249996992901,
            "count": 12004
        },
        "http_req_tls_handshaking": {
            "p(95)": 4.406155000000002,
            "avg": 1.2084012579140269,
            "min": 0,
            "med": 0,
            "max": 120.0385,
            "p(90)": 4.10828
        },
        "vus": {
            "value": 1,
            "min": 0,
            "max": 333
        },
        "http_req_blocked": {
            "max": 302.2561,
            "p(90)": 7.58214,
            "p(95)": 8.09655,
            "avg": 2.356030106631128,
            "min": 0,
            "med": 0
        }
    },
    "root_group": {
        "groups": {},
        "checks": {
                "200 OK": {
                    "name": "200 OK",
                    "path": "::200 OK",
                    "id": "e9654c443eff553da9e69eda7007924e",
                    "passes": 3001,
                    "fails": 9003
                },
                "201 Created": {
                    "path": "::201 Created",
                    "id": "728dcd977aae263ca314731145e1d447",
                    "passes": 9003,
                    "fails": 3001,
                    "name": "201 Created"
                },
                "204 No Content": {
                    "name": "204 No Content",
                    "path": "::204 No Content",
                    "id": "54fa3c2eda34e1622fda2da5e0479fc5",
                    "passes": 0,
                    "fails": 12004
                },
                "400 Bad Request": {
                    "name": "400 Bad Request",
                    "path": "::400 Bad Request",
                    "id": "eeae81934b9b58bccaf0184a6d070338",
                    "passes": 0,
                    "fails": 12004
                },
                "401 Unauthorized": {
                    "id": "6ae9254e6aefe7f0bafe5102fa7e20a5",
                    "passes": 0,
                    "fails": 12004,
                    "name": "401 Unauthorized",
                    "path": "::401 Unauthorized"
                },
                "403 Forbidden": {
                    "name": "403 Forbidden",
                    "path": "::403 Forbidden",
                    "id": "655548b761742c5a7ad15aa7df3a5d9c",
                    "passes": 0,
                    "fails": 12004
                },
                "404 Not Found": {
                    "name": "404 Not Found",
                    "path": "::404 Not Found",
                    "id": "df1528f9925ca236bac51008f77b774a",
                    "passes": 0,
                    "fails": 12004
                },
                "429 Too Many Requests": {
                    "name": "429 Too Many Requests",
                    "path": "::429 Too Many Requests",
                    "id": "b810c35b9499cc7342fd415032e3a6aa",
                    "passes": 0,
                    "fails": 12004
                },
                "500 Internal Server Error": {
                    "name": "500 Internal Server Error",
                    "path": "::500 Internal Server Error",
                    "id": "3cd96245b24e869810efe46d533b0eef",
                    "passes": 0,
                    "fails": 12004
                },
                "502 Bad Gateway": {
                    "fails": 12004,
                    "name": "502 Bad Gateway",
                    "path": "::502 Bad Gateway",
                    "id": "712cb0ec189a11f31f0d6d0c0031b569",
                    "passes": 0
                },
                "503 Service Unavailable": {
                    "fails": 12004,
                    "name": "503 Service Unavailable",
                    "path": "::503 Service Unavailable",
                    "id": "f1ea1a22be0dc738c385523a66ea1cd9",
                    "passes": 0
                },
                "504 Gateway Timeout": {
                    "fails": 12004,
                    "name": "504 Gateway Timeout",
                    "path": "::504 Gateway Timeout",
                    "id": "218efb729cb654723ccd57c6ebbebe29",
                    "passes": 0
                }
            },
        "name": "",
        "path": "",
        "id": "d41d8cd98f00b204e9800998ecf8427e"
    }
}