{
    "metrics": {
        "http_req_tls_handshaking": {
            "min": 0,
            "med": 0,
            "max": 41.6269,
            "p(90)": 4.75844,
            "p(95)": 5.18678,
            "avg": 1.5274738014944074
        },
        "data_received": {
            "rate": 365482.1632991798,
            "count": 53989641
        },
        "http_req_failed": {
            "fails": 15123,
            "passes": 0,
            "value": 0
        },
        "iterations": {
            "count": 5041,
            "rate": 34.12498307205201
        },
        "vus": {
            "value": 8,
            "min": 0,
            "max": 3076
        },
        "http_req_duration": {
            "p(95)": 47156.799289999995,
            "avg": 15119.134961535423,
            "min": 4.438,
            "med": 2385.804,
            "max": 55967.2044,
            "p(90)": 43338.38886
        },
        "http_req_duration{expected_response:true}": {
            "avg": 15119.134961535423,
            "min": 4.438,
            "med": 2385.804,
            "max": 55967.2044,
            "p(90)": 43338.38886,
            "p(95)": 47156.799289999995
        },
        "data_sent": {
            "count": 10285861,
            "rate": 69630.0004972188
        },
        "http_req_connecting": {
            "avg": 1.114610487337167,
            "min": 0,
            "med": 0,
            "max": 35.0495,
            "p(90)": 3.4136,
            "p(95)": 3.56918
        },
        "vus_max": {
            "value": 5000,
            "min": 1661,
            "max": 5000
        },
        "http_req_blocked": {
            "p(95)": 8.88482,
            "avg": 2.7309703762481017,
            "min": 0,
            "med": 0,
            "max": 47.3878,
            "p(90)": 8.34744
        },
        "http_req_waiting": {
            "max": 55967.0395,
            "p(90)": 43338.36806,
            "p(95)": 47156.74698999999,
            "avg": 15118.775202737595,
            "min": 4.438,
            "med": 2385.804
        },
        "checks": {
            "passes": 15123,
            "fails": 166353,
            "value": 0.08333333333333333
        },
        "http_req_sending": {
            "p(95)": 0.61569,
            "avg": 0.2820839846591288,
            "min": 0,
            "med": 0.036,
            "max": 30.8221,
            "p(90)": 0.5792
        },
        "http_req_receiving": {
            "min": 0,
            "med": 0,
            "max": 32.9968,
            "p(90)": 0.13234000000000198,
            "p(95)": 0.56017,
            "avg": 0.07767481319843943
        },
        "iteration_duration": {
            "p(90)": 84807.6227,
            "p(95)": 86833.7574,
            "avg": 46365.930112378555,
            "min": 1040.8002,
            "med": 54738.0859,
            "max": 93956.4187
        },
        "http_reqs": {
            "rate": 102.37494921615604,
            "count": 15123
        }
    },
    "root_group": {
        "name": "",
        "path": "",
        "id": "d41d8cd98f00b204e9800998ecf8427e",
        "groups": {},
        "checks": {
                "200 OK": {
                    "name": "200 OK",
                    "path": "::200 OK",
                    "id": "e9654c443eff553da9e69eda7007924e",
                    "passes": 5041,
                    "fails": 10082
                },
                "201 Created": {
                    "passes": 10082,
                    "fails": 5041,
                    "name": "201 Created",
                    "path": "::201 Created",
                    "id": "728dcd977aae263ca314731145e1d447"
                },
                "204 No Content": {
                    "passes": 0,
                    "fails": 15123,
                    "name": "204 No Content",
                    "path": "::204 No Content",
                    "id": "54fa3c2eda34e1622fda2da5e0479fc5"
                },
                "400 Bad Request": {
                    "path": "::400 Bad Request",
                    "id": "eeae81934b9b58bccaf0184a6d070338",
                    "passes": 0,
                    "fails": 15123,
                    "name": "400 Bad Request"
                },
                "401 Unauthorized": {
                    "name": "401 Unauthorized",
                    "path": "::401 Unauthorized",
                    "id": "6ae9254e6aefe7f0bafe5102fa7e20a5",
                    "passes": 0,
                    "fails": 15123
                },
                "403 Forbidden": {
                    "passes": 0,
                    "fails": 15123,
                    "name": "403 Forbidden",
                    "path": "::403 Forbidden",
                    "id": "655548b761742c5a7ad15aa7df3a5d9c"
                },
                "404 Not Found": {
                    "name": "404 Not Found",
                    "path": "::404 Not Found",
                    "id": "df1528f9925ca236bac51008f77b774a",
                    "passes": 0,
                    "fails": 15123
                },
                "429 Too Many Requests": {
                    "name": "429 Too Many Requests",
                    "path": "::429 Too Many Requests",
                    "id": "b810c35b9499cc7342fd415032e3a6aa",
                    "passes": 0,
                    "fails": 15123
                },
                "500 Internal Server Error": {
                    "fails": 15123,
                    "name": "500 Internal Server Error",
                    "path": "::500 Internal Server Error",
                    "id": "3cd96245b24e869810efe46d533b0eef",
                    "passes": 0
                },
                "502 Bad Gateway": {
                    "fails": 15123,
                    "name": "502 Bad Gateway",
                    "path": "::502 Bad Gateway",
                    "id": "712cb0ec189a11f31f0d6d0c0031b569",
                    "passes": 0
                },
                "503 Service Unavailable": {
                    "id": "f1ea1a22be0dc738c385523a66ea1cd9",
                    "passes": 0,
                    "fails": 15123,
                    "name": "503 Service Unavailable",
                    "path": "::503 Service Unavailable"
                },
                "504 Gateway Timeout": {
                    "name": "504 Gateway Timeout",
                    "path": "::504 Gateway Timeout",
                    "id": "218efb729cb654723ccd57c6ebbebe29",
                    "passes": 0,
                    "fails": 15123
                }
            }
    }
}