{
    "metrics": {
        "checks": {
            "passes": 15123,
            "fails": 166353,
            "value": 0.08333333333333333
        },
        "http_req_blocked": {
            "avg": 2.441550968723141,
            "min": 0,
            "med": 0,
            "max": 65.4589,
            "p(90)": 7.2630799999999995,
            "p(95)": 7.83738
        },
        "data_sent": {
            "count": 10056249,
            "rate": 95754.62290248924
        },
        "http_reqs": {
            "count": 15123,
            "rate": 143.9997321222202
        },
        "http_req_waiting": {
            "avg": 10074.849710970024,
            "min": 1.5469,
            "med": 2040.7252,
            "max": 50432.5177,
            "p(90)": 30283.79560000001,
            "p(95)": 35187.53017
        },
        "http_req_failed": {
            "passes": 1,
            "fails": 15122,
            "value": 0.000066124446207763
        },
        "http_req_duration{expected_response:true}": {
            "p(90)": 30284.653349999997,
            "p(95)": 35188.07823,
            "avg": 10074.076528746189,
            "min": 1.5469,
            "med": 2035.8333499999999,
            "max": 50432.5177
        },
        "vus": {
            "value": 148,
            "min": 0,
            "max": 2908
        },
        "http_req_duration": {
            "p(90)": 30283.89970000001,
            "p(95)": 35188.00276,
            "avg": 10075.049281326448,
            "min": 1.5469,
            "med": 2040.7252,
            "max": 50432.5177
        },
        "http_req_tls_handshaking": {
            "avg": 1.3233894200886112,
            "min": 0,
            "med": 0,
            "max": 32.9593,
            "p(90)": 4.0193,
            "p(95)": 4.37378
        },
        "iterations": {
            "count": 5041,
            "rate": 47.999910707406734
        },
        "http_req_connecting": {
            "avg": 1.047019539773854,
            "min": 0,
            "med": 0,
            "max": 27.045,
            "p(90)": 3.1899,
            "p(95)": 3.34698
        },
        "http_req_sending": {
            "min": 0,
            "med": 0,
            "max": 15.2379,
            "p(90)": 0.5549,
            "p(95)": 0.5736,
            "avg": 0.1483564835019504
        },
        "http_req_receiving": {
            "p(90)": 0.03418000000000011,
            "p(95)": 0.5315899999999999,
            "avg": 0.051213872908814316,
            "min": 0,
            "med": 0,
            "max": 4.7891
        },
        "data_received": {
            "count": 29657466,
            "rate": 282395.50085458264
        },
        "iteration_duration": {
            "min": 1037.6319,
            "med": 38805.6184,
            "max": 64927.5724,
            "p(90)": 53387.1854,
            "p(95)": 56561.4754,
            "avg": 31232.75026871662
        },
        "vus_max": {
            "value": 5000,
            "min": 1532,
            "max": 5000
        }
    },
    "root_group": {
        "name": "",
        "path": "",
        "id": "d41d8cd98f00b204e9800998ecf8427e",
        "groups": {},
        "checks": {
                "200 OK": {
                    "path": "::200 OK",
                    "id": "e9654c443eff553da9e69eda7007924e",
                    "passes": 0,
                    "fails": 15123,
                    "name": "200 OK"
                },
                "201 Created": {
                    "name": "201 Created",
                    "path": "::201 Created",
                    "id": "728dcd977aae263ca314731145e1d447",
                    "passes": 15122,
                    "fails": 1
                },
                "204 No Content": {
                    "name": "204 No Content",
                    "path": "::204 No Content",
                    "id": "54fa3c2eda34e1622fda2da5e0479fc5",
                    "passes": 0,
                    "fails": 15123
                },
                "400 Bad Request": {
                    "passes": 0,
                    "fails": 15123,
                    "name": "400 Bad Request",
                    "path": "::400 Bad Request",
                    "id": "eeae81934b9b58bccaf0184a6d070338"
                },
                "401 Unauthorized": {
                    "name": "401 Unauthorized",
                    "path": "::401 Unauthorized",
                    "id": "6ae9254e6aefe7f0bafe5102fa7e20a5",
                    "passes": 0,
                    "fails": 15123
                },
                "403 Forbidden": {
                    "id": "655548b761742c5a7ad15aa7df3a5d9c",
                    "passes": 0,
                    "fails": 15123,
                    "name": "403 Forbidden",
                    "path": "::403 Forbidden"
                },
                "404 Not Found": {
                    "name": "404 Not Found",
                    "path": "::404 Not Found",
                    "id": "df1528f9925ca236bac51008f77b774a",
                    "passes": 0,
                    "fails": 15123
                },
                "429 Too Many Requests": {
                    "name": "429 Too Many Requests",
                    "path": "::429 Too Many Requests",
                    "id": "b810c35b9499cc7342fd415032e3a6aa",
                    "passes": 0,
                    "fails": 15123
                },
                "500 Internal Server Error": {
                    "id": "3cd96245b24e869810efe46d533b0eef",
                    "passes": 1,
                    "fails": 15122,
                    "name": "500 Internal Server Error",
                    "path": "::500 Internal Server Error"
                },
                "502 Bad Gateway": {
                    "passes": 0,
                    "fails": 15123,
                    "name": "502 Bad Gateway",
                    "path": "::502 Bad Gateway",
                    "id": "712cb0ec189a11f31f0d6d0c0031b569"
                },
                "503 Service Unavailable": {
                    "fails": 15123,
                    "name": "503 Service Unavailable",
                    "path": "::503 Service Unavailable",
                    "id": "f1ea1a22be0dc738c385523a66ea1cd9",
                    "passes": 0
                },
                "504 Gateway Timeout": {
                    "id": "218efb729cb654723ccd57c6ebbebe29",
                    "passes": 0,
                    "fails": 15123,
                    "name": "504 Gateway Timeout",
                    "path": "::504 Gateway Timeout"
                }
            }
    }
}