{
    "metrics": {
        "http_req_tls_handshaking": {
            "avg": 1.6054510813808351,
            "min": 0,
            "med": 0,
            "max": 51.889,
            "p(90)": 4.77405,
            "p(95)": 5.2226
        },
        "iterations": {
            "count": 5041,
            "rate": 28.764398238224032
        },
        "vus": {
            "value": 3,
            "min": 0,
            "max": 3096
        },
        "http_req_blocked": {
            "p(90)": 8.40075,
            "p(95)": 8.9351,
            "avg": 2.8993278108969927,
            "min": 0,
            "med": 0,
            "max": 55.711
        },
        "http_req_waiting": {
            "avg": 18062.962472306965,
            "min": 0,
            "med": 1976.0279,
            "max": 60032.534,
            "p(90)": 60000.78755,
            "p(95)": 60001.1122
        },
        "http_req_receiving": {
            "p(90)": 0.032850000000000004,
            "p(95)": 0.5342,
            "avg": 0.05955401358657977,
            "min": 0,
            "med": 0,
            "max": 24.7598
        },
        "iteration_duration": {
            "max": 121905.8836,
            "p(90)": 103667.5359,
            "p(95)": 114097.3979,
            "avg": 52702.57588472526,
            "min": 1038.9855,
            "med": 61487.4565
        },
        "http_req_connecting": {
            "med": 0,
            "max": 36.3817,
            "p(90)": 3.4762500000000003,
            "p(95)": 3.623075,
            "avg": 1.1924509843338436,
            "min": 0
        },
        "vus_max": {
            "min": 1558,
            "max": 5000,
            "value": 5000
        },
        "data_received": {
            "count": 27914128,
            "rate": 159280.5186004285
        },
        "http_req_sending": {
            "avg": 0.2849572854568136,
            "min": 0,
            "med": 0.03425,
            "max": 17.1267,
            "p(90)": 0.5792,
            "p(95)": 0.611675
        },
        "http_req_failed": {
            "passes": 2923,
            "fails": 11503,
            "value": 0.20262026895882435
        },
        "http_req_duration": {
            "min": 0.9973,
            "med": 1976.52665,
            "max": 60032.534,
            "p(90)": 60001.0048,
            "p(95)": 60001.300575,
            "avg": 18063.306983606002
        },
        "data_sent": {
            "count": 9889186,
            "rate": 56428.58249471727
        },
        "http_reqs": {
            "count": 14426,
            "rate": 82.31605018540367
        },
        "checks": {
            "fails": 161521,
            "passes": 11591,
            "value": 0.06695665234068118
        },
        "http_req_duration{expected_response:true}": {
            "avg": 7617.4407976093225,
            "min": 0.9973,
            "med": 671.4137,
            "max": 59999.496,
            "p(90)": 30805.30820000002,
            "p(95)": 43276.99523999999
        }
    },
    "root_group": {
        "name": "",
        "path": "",
        "id": "d41d8cd98f00b204e9800998ecf8427e",
        "groups": {},
        "checks": {
                "200 OK": {
                    "id": "e9654c443eff553da9e69eda7007924e",
                    "passes": 0,
                    "fails": 14426,
                    "name": "200 OK",
                    "path": "::200 OK"
                },
                "201 Created": {
                    "name": "201 Created",
                    "path": "::201 Created",
                    "id": "728dcd977aae263ca314731145e1d447",
                    "passes": 11503,
                    "fails": 2923
                },
                "204 No Content": {
                    "name": "204 No Content",
                    "path": "::204 No Content",
                    "id": "54fa3c2eda34e1622fda2da5e0479fc5",
                    "passes": 0,
                    "fails": 14426
                },
                "400 Bad Request": {
                    "name": "400 Bad Request",
                    "path": "::400 Bad Request",
                    "id": "eeae81934b9b58bccaf0184a6d070338",
                    "passes": 0,
                    "fails": 14426
                },
                "401 Unauthorized": {
                    "name": "401 Unauthorized",
                    "path": "::401 Unauthorized",
                    "id": "6ae9254e6aefe7f0bafe5102fa7e20a5",
                    "passes": 0,
                    "fails": 14426
                },
                "403 Forbidden": {
                    "name": "403 Forbidden",
                    "path": "::403 Forbidden",
                    "id": "655548b761742c5a7ad15aa7df3a5d9c",
                    "passes": 0,
                    "fails": 14426
                },
                "404 Not Found": {
                    "name": "404 Not Found",
                    "path": "::404 Not Found",
                    "id": "df1528f9925ca236bac51008f77b774a",
                    "passes": 0,
                    "fails": 14426
                },
                "429 Too Many Requests": {
                    "name": "429 Too Many Requests",
                    "path": "::429 Too Many Requests",
                    "id": "b810c35b9499cc7342fd415032e3a6aa",
                    "passes": 0,
                    "fails": 14426
                },
                "500 Internal Server Error": {
                    "passes": 88,
                    "fails": 14338,
                    "name": "500 Internal Server Error",
                    "path": "::500 Internal Server Error",
                    "id": "3cd96245b24e869810efe46d533b0eef"
                },
                "502 Bad Gateway": {
                    "name": "502 Bad Gateway",
                    "path": "::502 Bad Gateway",
                    "id": "712cb0ec189a11f31f0d6d0c0031b569",
                    "passes": 0,
                    "fails": 14426
                },
                "503 Service Unavailable": {
                    "name": "503 Service Unavailable",
                    "path": "::503 Service Unavailable",
                    "id": "f1ea1a22be0dc738c385523a66ea1cd9",
                    "passes": 0,
                    "fails": 14426
                },
                "504 Gateway Timeout": {
                    "name": "504 Gateway Timeout",
                    "path": "::504 Gateway Timeout",
                    "id": "218efb729cb654723ccd57c6ebbebe29",
                    "passes": 0,
                    "fails": 14426
                }
            }
    }
}