{
    "metrics": {
        "http_req_waiting": {
            "avg": 39.643299999999996,
            "min": 20.8131,
            "med": 39.643299999999996,
            "max": 58.4735,
            "p(90)": 54.707460000000005,
            "p(95)": 56.59048
        },
        "vus": {
            "max": 1,
            "value": 1,
            "min": 1
        },
        "http_req_sending": {
            "avg": 0.2736,
            "min": 0,
            "med": 0.2736,
            "max": 0.5472,
            "p(90)": 0.49248000000000003,
            "p(95)": 0.51984
        },
        "http_req_duration": {
            "p(95)": 57.110319999999994,
            "avg": 39.9169,
            "min": 20.8131,
            "med": 39.9169,
            "max": 59.0207,
            "p(90)": 55.19994
        },
        "http_req_connecting": {
            "p(90)": 2.8890000000000002,
            "p(95)": 3.0494999999999997,
            "avg": 1.605,
            "min": 0,
            "med": 1.605,
            "max": 3.21
        },
        "data_received": {
            "count": 5364,
            "rate": 4925.564653912968
        },
        "checks": {
            "passes": 2,
            "fails": 22,
            "value": 0.08333333333333333
        },
        "http_reqs": {
            "count": 2,
            "rate": 1.8365267165969308
        },
        "http_req_receiving": {
            "avg": 0,
            "min": 0,
            "med": 0,
            "max": 0,
            "p(90)": 0,
            "p(95)": 0
        },
        "http_req_blocked": {
            "p(95)": 7.734994999999999,
            "avg": 4.07105,
            "min": 0,
            "med": 4.07105,
            "max": 8.1421,
            "p(90)": 7.327889999999999
        },
        "iteration_duration": {
            "p(90)": 1088.9942,
            "p(95)": 1088.9942,
            "avg": 1088.9942,
            "min": 1088.9942,
            "med": 1088.9942,
            "max": 1088.9942
        },
        "http_req_tls_handshaking": {
            "min": 0,
            "med": 1.92035,
            "max": 3.8407,
            "p(90)": 3.45663,
            "p(95)": 3.648665,
            "avg": 1.92035
        },
        "data_sent": {
            "count": 1705,
            "rate": 1565.6390258988833
        },
        "vus_max": {
            "max": 1,
            "value": 1,
            "min": 1
        },
        "http_req_duration{expected_response:true}": {
            "avg": 39.9169,
            "min": 20.8131,
            "med": 39.9169,
            "max": 59.0207,
            "p(90)": 55.19994,
            "p(95)": 57.110319999999994
        },
        "http_req_failed": {
            "passes": 0,
            "fails": 2,
            "value": 0
        },
        "iterations": {
            "count": 1,
            "rate": 0.9182633582984654
        },
        "dropped_iterations": {
            "rate": 0.9182633582984654,
            "count": 1
        }
    },
    "root_group": {
        "name": "",
        "path": "",
        "id": "d41d8cd98f00b204e9800998ecf8427e",
        "groups": {},
        "checks": {
                "200 OK": {
                    "fails": 0,
                    "name": "200 OK",
                    "path": "::200 OK",
                    "id": "e9654c443eff553da9e69eda7007924e",
                    "passes": 2
                },
                "201 Created": {
                    "name": "201 Created",
                    "path": "::201 Created",
                    "id": "728dcd977aae263ca314731145e1d447",
                    "passes": 0,
                    "fails": 2
                },
                "204 No Content": {
                    "name": "204 No Content",
                    "path": "::204 No Content",
                    "id": "54fa3c2eda34e1622fda2da5e0479fc5",
                    "passes": 0,
                    "fails": 2
                },
                "400 Bad Request": {
                    "id": "eeae81934b9b58bccaf0184a6d070338",
                    "passes": 0,
                    "fails": 2,
                    "name": "400 Bad Request",
                    "path": "::400 Bad Request"
                },
                "401 Unauthorized": {
                    "name": "401 Unauthorized",
                    "path": "::401 Unauthorized",
                    "id": "6ae9254e6aefe7f0bafe5102fa7e20a5",
                    "passes": 0,
                    "fails": 2
                },
                "403 Forbidden": {
                    "name": "403 Forbidden",
                    "path": "::403 Forbidden",
                    "id": "655548b761742c5a7ad15aa7df3a5d9c",
                    "passes": 0,
                    "fails": 2
                },
                "404 Not Found": {
                    "name": "404 Not Found",
                    "path": "::404 Not Found",
                    "id": "df1528f9925ca236bac51008f77b774a",
                    "passes": 0,
                    "fails": 2
                },
                "429 Too Many Requests": {
                    "name": "429 Too Many Requests",
                    "path": "::429 Too Many Requests",
                    "id": "b810c35b9499cc7342fd415032e3a6aa",
                    "passes": 0,
                    "fails": 2
                },
                "500 Internal Server Error": {
                    "name": "500 Internal Server Error",
                    "path": "::500 Internal Server Error",
                    "id": "3cd96245b24e869810efe46d533b0eef",
                    "passes": 0,
                    "fails": 2
                },
                "502 Bad Gateway": {
                    "name": "502 Bad Gateway",
                    "path": "::502 Bad Gateway",
                    "id": "712cb0ec189a11f31f0d6d0c0031b569",
                    "passes": 0,
                    "fails": 2
                },
                "503 Service Unavailable": {
                    "id": "f1ea1a22be0dc738c385523a66ea1cd9",
                    "passes": 0,
                    "fails": 2,
                    "name": "503 Service Unavailable",
                    "path": "::503 Service Unavailable"
                },
                "504 Gateway Timeout": {
                    "path": "::504 Gateway Timeout",
                    "id": "218efb729cb654723ccd57c6ebbebe29",
                    "passes": 0,
                    "fails": 2,
                    "name": "504 Gateway Timeout"
                }
            }
    }
}