{
    "metrics": {
        "http_req_blocked": {
            "p(95)": 356.770975,
            "avg": 85.93345852763373,
            "min": 0,
            "med": 0,
            "max": 499.6038,
            "p(90)": 310.4288
        },
        "http_req_connecting": {
            "avg": 33.29259667530243,
            "min": 0,
            "med": 0,
            "max": 194.7365,
            "p(90)": 127.7554,
            "p(95)": 145.4996
        },
        "vus_max": {
            "value": 5000,
            "min": 1575,
            "max": 5000
        },
        "http_req_tls_handshaking": {
            "avg": 50.02523174294743,
            "min": 0,
            "med": 0,
            "max": 333.3582,
            "p(90)": 184.2688,
            "p(95)": 236.509025
        },
        "vus": {
            "value": 1,
            "min": 0,
            "max": 4631
        },
        "http_req_duration{expected_response:true}": {
            "avg": 11455.718170294416,
            "min": 9.835,
            "med": 4106.7671,
            "max": 51287.7406,
            "p(90)": 33915.6716,
            "p(95)": 38032.96423999999
        },
        "iteration_duration": {
            "p(90)": 75457.57045,
            "p(95)": 78278.88218,
            "avg": 35639.74781355786,
            "min": 1409.9065,
            "med": 23250.46955,
            "max": 88960.1537
        },
        "http_req_sending": {
            "avg": 0.22403667962003546,
            "min": 0,
            "med": 0,
            "max": 50.6074,
            "p(90)": 0.56875,
            "p(95)": 0.7031000000000001
        },
        "data_received": {
            "count": 27315427,
            "rate": 303917.7859375414
        },
        "iterations": {
            "count": 4632,
            "rate": 51.53670797321571
        },
        "http_req_failed": {
            "passes": 3,
            "fails": 13893,
            "value": 0.0002158894645941278
        },
        "data_sent": {
            "count": 9262751,
            "rate": 103059.51928229962
        },
        "http_reqs": {
            "count": 13896,
            "rate": 154.61012391964715
        },
        "http_req_duration": {
            "avg": 11460.364669307735,
            "min": 9.835,
            "med": 4108.901449999999,
            "max": 51287.7406,
            "p(90)": 33920.71145,
            "p(95)": 38028.207949999996
        },
        "http_req_waiting": {
            "avg": 11459.875256167225,
            "min": 6.5385,
            "med": 4108.62885,
            "max": 51287.7406,
            "p(90)": 33920.71145,
            "p(95)": 38028.0663
        },
        "http_req_receiving": {
            "max": 88.3545,
            "p(90)": 0.5347999999999999,
            "p(95)": 1.0008249999999999,
            "avg": 0.2653764608520437,
            "min": 0,
            "med": 0
        },
        "checks": {
            "passes": 13896,
            "fails": 152856,
            "value": 0.08333333333333333
        }
    },
    "root_group": {
        "groups": {},
        "checks": {
                "200 OK": {
                    "name": "200 OK",
                    "path": "::200 OK",
                    "id": "e9654c443eff553da9e69eda7007924e",
                    "passes": 0,
                    "fails": 13896
                },
                "201 Created": {
                    "fails": 3,
                    "name": "201 Created",
                    "path": "::201 Created",
                    "id": "728dcd977aae263ca314731145e1d447",
                    "passes": 13893
                },
                "204 No Content": {
                    "passes": 0,
                    "fails": 13896,
                    "name": "204 No Content",
                    "path": "::204 No Content",
                    "id": "54fa3c2eda34e1622fda2da5e0479fc5"
                },
                "400 Bad Request": {
                    "name": "400 Bad Request",
                    "path": "::400 Bad Request",
                    "id": "eeae81934b9b58bccaf0184a6d070338",
                    "passes": 0,
                    "fails": 13896
                },
                "401 Unauthorized": {
                    "name": "401 Unauthorized",
                    "path": "::401 Unauthorized",
                    "id": "6ae9254e6aefe7f0bafe5102fa7e20a5",
                    "passes": 0,
                    "fails": 13896
                },
                "403 Forbidden": {
                    "name": "403 Forbidden",
                    "path": "::403 Forbidden",
                    "id": "655548b761742c5a7ad15aa7df3a5d9c",
                    "passes": 0,
                    "fails": 13896
                },
                "404 Not Found": {
                    "name": "404 Not Found",
                    "path": "::404 Not Found",
                    "id": "df1528f9925ca236bac51008f77b774a",
                    "passes": 0,
                    "fails": 13896
                },
                "429 Too Many Requests": {
                    "name": "429 Too Many Requests",
                    "path": "::429 Too Many Requests",
                    "id": "b810c35b9499cc7342fd415032e3a6aa",
                    "passes": 0,
                    "fails": 13896
                },
                "500 Internal Server Error": {
                    "name": "500 Internal Server Error",
                    "path": "::500 Internal Server Error",
                    "id": "3cd96245b24e869810efe46d533b0eef",
                    "passes": 3,
                    "fails": 13893
                },
                "502 Bad Gateway": {
                    "path": "::502 Bad Gateway",
                    "id": "712cb0ec189a11f31f0d6d0c0031b569",
                    "passes": 0,
                    "fails": 13896,
                    "name": "502 Bad Gateway"
                },
                "503 Service Unavailable": {
                    "fails": 13896,
                    "name": "503 Service Unavailable",
                    "path": "::503 Service Unavailable",
                    "id": "f1ea1a22be0dc738c385523a66ea1cd9",
                    "passes": 0
                },
                "504 Gateway Timeout": {
                    "name": "504 Gateway Timeout",
                    "path": "::504 Gateway Timeout",
                    "id": "218efb729cb654723ccd57c6ebbebe29",
                    "passes": 0,
                    "fails": 13896
                }
            },
        "name": "",
        "path": "",
        "id": "d41d8cd98f00b204e9800998ecf8427e"
    }
}